./inputs/data10,10,1,1000,0,2,46
./inputs/data10,10,1,1000,0,20,62
./inputs/data10,10,1,1000,1,2,62
./inputs/data10,10,1,1000,1,20,46
./inputs/data10,50,1,1000,0,2,1343
./inputs/data10,50,1,1000,0,20,1343
./inputs/data10,50,1,1000,1,2,1171
./inputs/data10,50,1,1000,1,20,1390
./inputs/data10,10,1,1000,0,2,0
./inputs/data10,10,1,1000,0,20,0
./inputs/data10,10,1,1000,1,2,0
./inputs/data10,10,1,1000,1,20,0
./inputs/data10,50,1,1000,0,2,31
./inputs/data10,50,1,1000,0,20,0
./inputs/data10,50,1,1000,1,2,31
./inputs/data10,50,1,1000,1,20,0
./inputs/data10,10,1,1000,0,2,0
./inputs/data10,10,1,1000,0,20,0
./inputs/data10,10,1,1000,1,2,0
./inputs/data10,10,1,1000,1,20,0
./inputs/data10,50,1,1000,0,2,515
./inputs/data10,50,1,1000,0,20,562
./inputs/data10,50,1,1000,1,2,562
./inputs/data10,50,1,1000,1,20,609
./inputs/data10,10,1,1000,0,2,0
./inputs/data10,10,1,1000,0,20,0
./inputs/data10,10,1,1000,1,2,0
./inputs/data10,10,1,1000,1,20,0
./inputs/data10,50,1,1000,0,2,140
./inputs/data10,50,1,1000,0,20,125
./inputs/data10,50,1,1000,1,2,125
./inputs/data10,50,1,1000,1,20,140
./inputs/data10,10,1,1000,0,2,0
./inputs/data10,10,1,1000,0,20,0
./inputs/data10,10,1,1000,1,2,0
./inputs/data10,10,1,1000,1,20,0
./inputs/data10,50,1,1000,0,2,31
./inputs/data10,50,1,1000,0,20,31
./inputs/data10,50,1,1000,1,2,0
./inputs/data10,50,1,1000,1,20,0
./inputs/data10,10,1,1000,0,2,0
./inputs/data10,10,1,1000,0,20,0
./inputs/data10,10,1,1000,1,2,0
./inputs/data10,10,1,1000,1,20,0
./inputs/data10,50,1,1000,0,2,0
./inputs/data10,50,1,1000,0,20,31
./inputs/data10,50,1,1000,1,2,31
./inputs/data10,50,1,1000,1,20,31
